<?xml version="1.0" encoding="UTF-8"?>
<root>
  <item name="com.dd.morphingbutton.MorphingButton void setIcon(int) 0">
    <annotation name="android.support.annotation.DrawableRes" />
  </item>
  <item name="com.dd.morphingbutton.MorphingButton void setIconLeft(int) 0">
    <annotation name="android.support.annotation.DrawableRes" />
  </item>
  <item name="com.dd.morphingbutton.MorphingButton.Params com.dd.morphingbutton.MorphingButton.Params icon(int) 0">
    <annotation name="android.support.annotation.DrawableRes" />
  </item>
</root>

